/qualification/2022/09/03/aws-saa-update /posts/2022-09-03-aws-saa-update 301
/qualification/2022/06/11/html-professional-level1 /posts/2022-06-11-html-professional-level1 301
/event/2022/05/15/techfeed-conference-2022 /posts/2022-05-15-techfeed-conference-2022 301
/develop/2022/03/04/devchallenges-front-end /posts/2022-03-04-devchallenges-front-end 301
/event/2022/02/19/developers-summit-2022 /posts/2022-02-19-developers-summit-2022 301
/develop/2022/02/13/ts-type-safe-request /posts/2022-02-13-ts-type-safe-request 301
/develop/2021/12/30/looking-back-2021-tech /posts/2021-12-30-looking-back-2021-tech 301
/free/2021/12/27/looking-back-2021-mental-illness /posts/2021-12-27-looking-back-2021-mental-illness 301
/develop/2021/12/24/devchallenges-responsive-web /posts/2021-12-24-devchallenges-responsive-web 301
/event/2021/11/28/jsconf-jp-2021 /posts/2021-11-28-jsconf-jp-2021 301
/develop/2021/11/09/volta /posts/2021-11-09-volta 301
/develop/2021/10/24/vscode-autoprefixer-vite /posts/2021-10-24-vscode-autoprefixer-vite 301
/develop/2021/09/26/material-ui-v5 /posts/2021-09-26-material-ui-v5 301
/develop/2021/05/31/buildable-introduction /posts/2021-05-31-buildable-introduction 301
/develop/2021/05/19/react-query-socialite /posts/2021-05-19-react-query-socialite 301
/develop/2021/04/13/react-query-intersection-observer /posts/2021-04-13-react-query-intersection-observer 301
/develop/2021/03/21/laravel-react-query-auth /posts/2021-03-21-laravel-react-query-auth 301
/event/2021/02/20/developers-summit-2021 /posts/2021-02-20-developers-summit-2021 301
/develop/2020/12/31/looking-back-2020-tech /posts/2020-12-31-looking-back-2020-tech 301
/free/2020/12/21/looking-back-2020-mental-illness /posts/2020-12-21-looking-back-2020-mental-illness 301
/tool-and-service/2020/11/27/notion-introduction /posts/2020-11-27-notion-introduction 301
/tool-and-service/2020/11/08/windows-terminal /posts/2020-11-08-windows-terminal 301
/event/2020/09/20/web1week-2 /posts/2020-09-20-web1week-2 301
/event/2020/09/01/developers-summit-2020-kansai /posts/2020-09-01-developers-summit-2020-kansai 301
/develop/2020/08/13/migrate-gitlab-to-github /posts/2020-08-13-migrate-gitlab-to-github 301
/event/2020/08/08/developers-summit-2020-summer /posts/2020-08-08-developers-summit-2020-summer 301
/free/2020/06/28/realdgame-silence /posts/2020-06-28-realdgame-silence 301
/develop/2020/06/06/react-firebase-deploy /posts/2020-06-06-react-firebase-deploy 301
/event/2020/05/28/web1week-like /posts/2020-05-28-web1week-like 301
/develop/2020/05/06/react-recompose /posts/2020-05-06-react-recompose 301
/tool-and-service/2020/05/03/docusaurus-ver-2-gtag /posts/2020-05-03-docusaurus-ver-2-gtag 301
/develop/2020/04/23/react-material-ui /posts/2020-04-23-react-material-ui 301
/tool-and-service/2020/04/11/domain-transfer /posts/2020-04-11-domain-transfer 301
/develop/2020/04/04/react-proptypes /posts/2020-04-04-react-proptypes 301
/tool-and-service/2020/03/14/slack-my-manner /posts/2020-03-14-slack-my-manner 301
/develop/2020/03/07/jekyll-pagination-v2 /posts/2020-03-07-jekyll-pagination-v2 301
/develop/2020/03/01/github-actions-react /posts/2020-03-01-github-actions-react 301
/event/2020/02/22/developers-summit-2020 /posts/2020-02-22-developers-summit-2020 301
/develop/2020/02/08/react-router /posts/2020-02-08-react-router 301
/develop/2020/01/19/duty-gacha /posts/2020-01-19-duty-gacha 301
/develop/2020/01/13/docusaurus-ver-2 /posts/2020-01-13-docusaurus-ver-2 301
/develop/2020/01/04/jekyll-anthor-heading /posts/2020-01-04-jekyll-anthor-heading 301
/develop/2019/12/31/looking-back-2019-git /posts/2019-12-31-looking-back-2019-git 301
/free/2019/12/28/looking-back-2019-mental-illness /posts/2019-12-28-looking-back-2019-mental-illness 301
/develop/2019/12/18/react-basics /posts/2019-12-18-react-basics 301
/event/2019/12/15/serverless-days-fukuoka-2019 /posts/2019-12-15-serverless-days-fukuoka-2019 301
/free/2019/11/30/hp-repair /posts/2019-11-30-hp-repair 301
/develop/2019/11/10/jekyll-toc /posts/2019-11-10-jekyll-toc 301
/develop/2019/11/06/eslint-prettier /posts/2019-11-06-eslint-prettier 301
/develop/2019/10/24/docker-react-swagger /posts/2019-10-24-docker-react-swagger 301
/tool-and-service/2019/10/13/google-adsence /posts/2019-10-13-google-adsense 301
/develop/2019/10/09/wsl-expo-network /posts/2019-10-09-wsl-expo-network 301
/tool-and-service/2019/09/30/google-search-console /posts/2019-09-30-google-search-console 301
/develop/2019/09/28/wsl-react-native /posts/2019-09-28-wsl-react-native 301
/develop/2019/09/26/wsl-develop /posts/2019-09-26-wsl-develop 301
/develop/2019/09/14/docker-react-native /posts/2019-09-14-docker-react-native 301
/qualification/2019/09/05/aws-saa /posts/2019-09-05-aws-saa 301
/develop/2019/08/17/til-150 /posts/2019-08-17-til-150 301
/develop/2019/08/14/docker-rails /posts/2019-08-14-docker-rails 301
/tool-and-service/2019/07/09/custom-domain /posts/2019-07-09-custom-domain 301
/develop/2019/06/23/qiita-ranking /posts/2019-06-23-qiita-ranking 301
/develop/2019/06/03/laravel-laradock /posts/2019-06-03-laravel-laradock 301
/develop/2019/05/15/docker-php /posts/2019-05-15-docker-php 301
/develop/2019/05/05/gitlab-ci-error /posts/2019-05-05-gitlab-ci-error 301
/qualification/2019/04/25/aws-qualification /posts/2019-04-25-aws-qualification 301
/develop/2019/03/25/til /posts/2019-03-25-til 301
/develop/2019/02/10/netlify-deploy /posts/2019-02-10-netlify-deploy 301
/develop/2018/09/17/gitlab-repo-migration /posts/2018-09-17-gitlab-repo-migration 301
/develop/2018/09/09/cleaning-duty-3 /posts/2018-09-09-cleaning-duty-3 301
/develop/2018/09/09/cleaning-duty-2 /posts/2018-09-09-cleaning-duty-2 301
/develop/2018/09/09/cleaning-duty-1 /posts/2018-09-09-cleaning-duty-1 301
/develop/2018/06/05/php-install /posts/2018-06-05-php-install 301
/develop/2018/06/02/anyenv /posts/2018-06-02-anyenv 301
/free/2018/05/27/first /posts/201s8-05-27-first 301

